"id","prompt","response","feedback_type","additional_feedback","created_at"
"1","What's a hot eating spot you'd recommend?","<p>Hey there!  Looking for a hot spot to eat, huh?  To give you the best Welp! recommendation, I need a little more information. What kind of food are you in the mood for?  Do you have any dietary restrictions or preferences (e.g., vegetarian, vegan, gluten-free)?  And what's your price range? Knowing this will help me find the perfect place for you!</p>
","thumbs-up","N/A","2025-02-27 13:31:30"
"2","What's a hot eating spot you'd recommend?","<p>Hey there!  Looking for a hot spot to eat?  To give you the best Welp! recommendation, I need a little more information. What kind of food are you in the mood for?  And what's your price range (e.g., $, $$, $$$)? Knowing this will help me narrow down the perfect place for you.</p>
","thumbs-up","N/A","2025-02-27 13:31:46"
"3","Do you have details about Zark's Burgers","<p>I'm sorry, I don't have any information about Zark's Burgers in my current dataset.  To help me find the best burger place for you, could you tell me what city and state you're interested in?  Knowing your preferences (e.g., type of burger, price range, ambiance) would also help narrow down the options.</p>
","thumbs-down","Zark's is the hottest new restaurant in town this must be outdated!","2025-02-27 13:32:21"
"4","Where is Zark's Burgers","<p>I'm sorry, but I don't have the location of Zark's Burgers in my database.  I can help you find restaurants in a specific location if you provide me with a city and state, or zip code.  I can also help you find restaurants based on cuisine type, price range, or ambiance.  What would you like to do?</p>
","thumbs-down","How does it not know Zark's Burgers? It's all over social media","2025-02-27 13:33:39"
"5","Where is Zark's Burgers","<p>I'm sorry, I don't have the information needed to answer your question about the location of Zark's Burgers.  My knowledge about restaurants is limited to the data I have been provided, and that data does not include Zark's Burgers.  To find Zark's Burgers, I suggest using a search engine like Google or a dedicated restaurant finder app like Welp!</p>
","thumbs-down",,"2025-02-27 13:35:27"
"6","What's a hot eating spot you'd recommend?","<p>Since you're looking for a hot eating spot, I'm assuming you mean a place that's popular and trendy.  To give you the best recommendation, I need a little more information.  Are you looking for a specific type of food? Do you have any dietary restrictions?  What kind of atmosphere are you interested in?  Also, what's your general location?</p>
<p>Based on the data you provided, there are some ice cream places that seem pretty popular, especially if you like something cold on a hot day. For example, Creole Creamery in New Orleans got a glowing review.  John's Water Ice in Philadelphia also sounds refreshing.  If you're in Carmel, Indiana, Baskin-Robbins is a classic choice. But these are just ice cream places.  Tell me more about what you're looking for and I can give you a more tailored recommendation!</p>
","thumbs-up","N/A","2025-02-27 13:44:36"
"7","Best eating spots in New orleans","<p>For great eats in New Orleans, I'd recommend checking out:</p>
<ul>
<li><strong>Commander's Palace:</strong> Upscale New Orleans cuisine in a beautiful Garden District setting. Expect a dress code and higher prices.</li>
<li><strong>Dooky Chase's Restaurant:</strong> Historic Creole soul food restaurant with a vibrant atmosphere and important cultural significance.</li>
<li><strong>Mother's Restaurant:</strong> Casual, popular spot known for its po'boys and debris. Expect a wait, especially during peak times.</li>
<li><strong>Cafe Du Monde:</strong> A New Orleans institution famous for beignets and café au lait. Expect long lines but it's worth the wait.</li>
<li><strong>Coop's Place:</strong> Lively, casual spot in the French Quarter serving Cajun and Creole dishes.</li>
</ul>
<p>To further refine your recommendations, could you tell me:</p>
<ul>
<li>What kind of cuisine are you interested in? (e.g., seafood, Italian, etc.)</li>
<li>What's your budget?</li>
<li>What kind of atmosphere are you looking for? (e.g., casual, romantic, lively)</li>
<li>Are there any dietary restrictions I should be aware of?</li>
</ul>
<p>Once I have a better understanding of your preferences, I can provide even more tailored recommendations!</p>
","thumbs-up","N/A","2025-02-27 13:45:50"
"8","baskin robbins locations","<p>Here are some Baskin-Robbins locations based on the provided data:</p>
<ol>
<li>
<p><strong>New Orleans, LA:</strong> 706 S Carrollton Ave. This location has a 3-star rating and offers a variety of classic and unique flavors, although one reviewer noted some of the brightly colored options tasted artificial.  They are open from 11 am to 10 pm daily. Parking is available in a lot.</p>
</li>
<li>
<p><strong>Gretna, LA:</strong> 700 Terry Pkwy, Ste B. This location has a 4-star rating.  While one reviewer prefers Blue Bell ice cream, they recommend the cappuccino drinks and ice cream cakes at this Baskin-Robbins. They are open from 11 am to 10 pm daily.</p>
</li>
</ol>
<p>It appears you're looking for ice cream shops. While you specifically mentioned Baskin-Robbins, other options are mentioned in the reviews like Marble Slab Creamery, which offers fresh fruit mixed into ice cream. If you'd like to explore non-Baskin-Robbins options, I can provide additional recommendations based on location and your preferences.  Do you have a specific location in mind or any preferences for ice cream type, price range, or atmosphere?  I also noticed a few places mentioned in the reviews that aren't ice cream shops, such as Dunkin' and Saint Louis Frozen Custard Factory.  Are you interested in those as well?</p>
","thumbs-up","N/A","2025-02-27 15:30:49"
"9","Marble slab creamery pricing","<p>Based on your query about Marble Slab Creamery pricing, and the reviews provided, it seems you are interested in ice cream places similar to Marble Slab but perhaps with better value or different options.  Here are a few alternatives:</p>
<ol>
<li>
<p><strong>Cold Stone Creamery:</strong> Offers a similar customized ice cream experience with mix-ins folded into your choice of ice cream on a frozen granite stone.  The reviews suggest their employees are helpful in navigating the many choices.</p>
</li>
<li>
<p><strong>Häagen-Dazs:</strong> If you prefer simpler, pre-mixed ice cream flavors, Häagen-Dazs is known for its high quality and rich flavors.</p>
</li>
<li>
<p><strong>Ben &amp; Jerry's:</strong> Another excellent option for pre-mixed ice cream, Ben &amp; Jerry's offers a wide variety of unique and creative flavors with fun mix-ins already included.</p>
</li>
<li>
<p><strong>Sweet Cece's (Nashville, TN):</strong> One reviewer mentioned this as a local favorite, suggesting it might be worth checking out if you're in that area.</p>
</li>
</ol>
<p>To give you even better recommendations, could you tell me:</p>
<ul>
<li><strong>Where are you located?</strong>  Knowing your location helps me find places near you.</li>
<li><strong>What is your price range?</strong> Some ice cream places are more expensive than others.</li>
<li><strong>Are there any specific flavors or types of ice cream you are interested in?</strong> (e.g., low-fat, vegan, specific mix-ins, etc.)</li>
</ul>
<p>I'm here to help you find the perfect ice cream treat! Don't hesitate to ask if you have any more questions.</p>
","thumbs-up","N/A","2025-02-27 15:31:15"
"10","cold stone recommendations","<p>The Cold Stone Creamery on Coulter Ave in Ardmore, PA got a glowing 5-star review!  It sounds like a great option if you're in the area. Another location in Greenwood, IN, got 4 stars and sounds pretty good, although perhaps a bit pricey.  If you're in Indianapolis, there's one on S Raceway Rd with friendly staff, but it only received a 3-star rating. Lastly, a Tampa location on E Fowler Ave got another 5-star review! Crystal, a staff member, apparently makes amazing custom ice cream creations.</p>
<p>Of course, I have a few questions to ensure I'm giving you the best recommendations:</p>
<ol>
<li><strong>Location:</strong> Are you looking for Cold Stone Creamery locations near any of the locations listed, or somewhere else entirely?</li>
<li><strong>Price Range:</strong>  Are you looking for something budget-friendly, mid-range, or are you willing to splurge?</li>
<li><strong>Dietary Restrictions/Preferences:</strong> Do you have any allergies, dietary restrictions, or strong flavor preferences I should be aware of?  (e.g., vegan, gluten-free, nut allergy, dislike chocolate, etc.)</li>
</ol>
<p>Let me know and I can refine my search!</p>
","thumbs-up","N/A","2025-02-27 15:31:31"
"11","what vegan options do you have","<p>Siddiq's Real Fruit Water Ice has vegan options, including delicious gelatis.  Shane Confectionery also has some vegan options, though they may be limited.</p>
<p>Could you clarify what kind of food you're looking for?  Knowing if you want a meal, a snack, or just something sweet will help me narrow down the options. Also, what city are you interested in?  I see reviews from a few different places.</p>
","thumbs-up","N/A","2025-02-27 15:31:46"
"12","what vegan options do you have","<p>Siddiq's Real Fruit Water Ice has vegan options, including delicious gelatis.  Shane Confectionery also has some vegan options, although their selection may be limited.</p>
<p>Could you clarify what kind of food you're looking for?  Knowing whether you're interested in a snack, a full meal, or dessert will help me narrow down the options.  Also, what city and state are you interested in?  This information will allow me to provide you with the most relevant recommendations.</p>
","thumbs-up","N/A","2025-02-27 15:31:52"
"13","Fried chicken options","<p>Based on your request for fried chicken, here are a few places you might enjoy:</p>
<ul>
<li><strong>KFC:</strong> They have two locations listed, one in Philadelphia, PA and another in Cahokia, IL.  One reviewer raves about the juicy chicken thighs.  Be sure to check your order, though, as another reviewer mentions sometimes items are missing.</li>
<li><strong>Popeyes Louisiana Kitchen:</strong> Located in Eddystone, PA, this spot is praised for its cleanliness and classic Popeyes flavor.</li>
<li><strong>Otter's Chicken Tenders:</strong>  If you're in Nashville, TN, this place boasts ""awesome"" chicken tenders, a clean environment, and a great atmosphere. It might be lesser known, so it could be a hidden gem!</li>
</ul>
<p>To help me narrow down the best fried chicken option for <em>you</em>, could you tell me:</p>
<ol>
<li><strong>Where are you located?</strong>  This will help me filter out places that are too far away.</li>
<li><strong>Do you have any dietary restrictions or preferences (e.g., gluten-free, spicy, grilled)?</strong></li>
<li><strong>Are you looking for dine-in, takeout, or delivery?</strong></li>
<li><strong>What's your price range?</strong>  (e.g., $, $$, $$$)</li>
<li><strong>What kind of atmosphere are you looking for?</strong> (e.g., casual, family-friendly, upscale)</li>
</ol>
<p>Once I have this information, I can provide more personalized and helpful recommendations!</p>
","thumbs-up","N/A","2025-02-27 15:32:37"
"14","Fried chicken options","<p>Based on your request for fried chicken, I recommend:</p>
<ul>
<li>
<p><strong>KFC:</strong>  A classic choice for fried chicken, particularly the juicy chicken thighs.  There are two locations listed in this dataset, both on Lancaster Ave in Philadelphia, PA. Be sure to double-check your order as they sometimes miss items.</p>
</li>
<li>
<p><strong>Popeyes Louisiana Kitchen:</strong> Known for their flavorful fried chicken. The Eddystone, PA location is reportedly very clean.</p>
</li>
<li>
<p><strong>Otter's Chicken Tenders:</strong>  If you're looking for delicious chicken tenders in a clean and family-friendly environment, this Nashville, TN spot is worth checking out.</p>
</li>
</ul>
<p>Could you tell me your current location so I can provide more relevant recommendations?  Also, are there any other preferences you have, such as dine-in, takeout, or delivery?  Do you have any dietary restrictions or allergies?</p>
","thumbs-up","N/A","2025-02-27 15:32:45"
"15","Popeye's","<p>Given your mention of ""Popeye's"", I'm assuming you're looking for restaurant recommendations, perhaps similar to Popeye's in some way.  Here are a few ideas:</p>
<ol>
<li>
<p><strong>Willie Mae's Scotch House:</strong> If you enjoy Popeye's fried chicken, Willie Mae's is a must-try. It's known for its incredibly crispy and flavorful fried chicken, considered by many to be the best in New Orleans.</p>
</li>
<li>
<p><strong>Dooky Chase's Restaurant:</strong> For a taste of Creole soul food, Dooky Chase's is a legendary establishment.  It offers a more upscale dining experience than Popeye's but still delivers classic New Orleans flavors.</p>
</li>
<li>
<p><strong>Coop's Place:</strong>  If you're looking for something casual and lively with delicious Cajun and Creole dishes, Coop's is a great option.  It's known for its rabbit jambalaya and other flavorful dishes.</p>
</li>
</ol>
<p>Now, to help me narrow down the perfect recommendations for you, could you tell me a bit more about what you're looking for?</p>
<ul>
<li>Are you interested in a particular type of cuisine? (e.g., seafood, Italian, etc.)</li>
<li>What's your preferred price range?</li>
<li>Are there any dietary restrictions I should be aware of?</li>
<li>What kind of atmosphere are you hoping for? (e.g., casual, upscale, romantic, etc.)</li>
<li>Is there anything else you liked or disliked about Popeye's that would help me find a good match?</li>
</ul>
<p>Also,  I noticed you included reviews of several other places.  Are you also looking for recommendations in those locations (Gentilly, Tucson, Ardmore, Reno), or are you primarily focused on finding something similar to Popeye's?</p>
<p>Let me know, and I'll do my best to find the perfect spot for you!</p>
","thumbs-up","N/A","2025-02-27 15:33:04"
"16","seafood options","<p>Given your request for seafood options, I have a few recommendations for you:</p>
<ol>
<li>
<p><strong>Fisher's Tudor House:</strong> While the review is scathing and notes a decline in quality, it <em>is</em> a dedicated seafood restaurant and may still be worth a shot if other options are limited.  It's located in Bensalem, PA.  However, I would proceed with caution given the reviewer's comments.</p>
</li>
<li>
<p><strong>J &amp; G Deli:</strong> While primarily a deli, this place in Ardmore, PA gets a glowing review and mentions delicious ""overstuffed"" hoagies and homemade tomato pie.  They might have some interesting seafood salad or sandwich options.</p>
</li>
</ol>
<p>Now, to give you the best recommendations, I need a little more information.  Could you tell me:</p>
<ul>
<li><strong>Where are you located?</strong>  ""Seafood options"" is pretty broad.  Knowing your location will help me narrow down relevant restaurants.</li>
<li><strong>What kind of seafood are you looking for?</strong> Are you in the mood for fish, shellfish, sushi, etc.?</li>
<li><strong>What's your price range?</strong> Are you looking for a casual meal or a fine dining experience?</li>
<li><strong>Are there any dietary restrictions I should be aware of?</strong> Allergies, gluten-free, etc.?</li>
<li><strong>What kind of atmosphere are you looking for?</strong> Casual, romantic, lively?</li>
</ul>
<p>Once I have this information, I can provide much more tailored and helpful recommendations.</p>
","thumbs-up","N/A","2025-02-27 15:33:47"
"17","portugese food in my area","<p>Given the provided reviews, I couldn't find any Portuguese restaurants. However, if you're open to other options, here are a couple of places based on the data:</p>
<ol>
<li><strong>Smokin' Hot Barbeque (Tucson, AZ):</strong> This food truck gets rave reviews, especially for its wings.  It's affordable and casual.  If you're in the mood for barbeque, this seems like a great choice.</li>
<li><strong>Caveman Truck (Indianapolis, IN):</strong> Another food truck option. This one serves up hearty dishes like barnyard chili and bacon hash. Sounds perfect if you're looking for something savory and filling.</li>
</ol>
<p>Could you please provide more details about your location? Sharing your city and state will help me pinpoint Portuguese restaurants or other cuisines you might enjoy in your area. Also, do you have any dietary restrictions or preferences regarding ambiance (e.g., casual, fine dining)?</p>
","thumbs-up","N/A","2025-02-27 15:34:05"
"18","fine dining options in indiana","<p>St. Elmo Steak House in Indianapolis is a classic choice for fine dining, known for its upscale ambiance and excellent steaks.  If you're looking for something with a modern twist, Vida, also in Indianapolis, offers a sophisticated menu with creative dishes.  Another great option is Joseph Decuis in Roanoke, which features a refined farm-to-table dining experience.</p>
<p>To give you the best recommendations, could you clarify what part of Indiana you're interested in?  Also, do you have any specific cuisine preferences, like seafood, Italian, or French?  Lastly, what is your price range for fine dining?  Knowing this information will help me narrow down the perfect options for you.</p>
","thumbs-up","N/A","2025-02-27 15:35:02"
"19","best steak places","<p>Based on your request for the ""best steak places"", here are a few recommendations:</p>
<ul>
<li><strong>Al's Steak House</strong> (Saint Louis, MO): This classic steakhouse offers an ""old school"" vibe, great food, atmosphere, and service. It's a local favorite with 5-star ratings!  Be sure to make a reservation, though, and dress up a bit.</li>
<li><strong>Stockyard</strong> (Nashville, TN): Known for its top-notch service and melt-in-your-mouth steaks, Stockyard offers a classy ambiance.  They also have a full bar and dessert options.</li>
<li><strong>Broussard's</strong> (New Orleans, LA): For a special occasion, consider Broussard's. This upscale restaurant specializes in seafood, French, and Cajun/Creole cuisine, but their steak is also a popular choice. The ambiance is romantic, and they offer outdoor seating.</li>
</ul>
<p>I have a few questions to refine these recommendations:</p>
<ol>
<li>Do any of these locations work for you geographically?  If not, could you tell me your desired location?</li>
<li>Are you looking for a particular price range? (e.g., $, $$, $$$)</li>
<li>Do you have any dietary restrictions or preferences besides wanting steak? (e.g., gluten-free, vegetarian options for others in your party)</li>
<li>What kind of atmosphere are you looking for? (e.g., romantic, casual, upscale)</li>
</ol>
<p>Once I have a better understanding of your needs, I can provide more personalized and relevant recommendations.</p>
","thumbs-up","N/A","2025-02-27 15:35:24"
"20","stockyard steaks","<p>Given you're asking about ""stockyard steaks,"" I'd recommend checking out these places known for their excellent steak options:</p>
<ol>
<li><strong>Bob's Steak &amp; Chop House:</strong>  Classic steakhouse experience with prime cuts, a sophisticated atmosphere, and a hefty price tag.</li>
<li><strong>Stock Yards City:</strong> If you happen to be near Oklahoma City, this is a must-visit. It's a historic stockyard district with various restaurants specializing in steak.</li>
<li><strong>Cattlemen's Steakhouse (Oklahoma City):</strong>  Located in Stock Yards City, they are famous for their perfectly cooked steaks and no-frills ambiance.</li>
<li><strong>Brazilian steakhouses (Fogo de Chão, Texas de Brazil):</strong>  If you're looking for an all-you-can-eat experience with various cuts of meat brought to your table, this is a great option.</li>
</ol>
<p>To give you even better recommendations, could you tell me:</p>
<ol>
<li><strong>Where are you located?</strong> (City and state, or zip code) Knowing your location helps me narrow down the options to places near you.</li>
<li><strong>What's your price range?</strong>  Steakhouses can vary from casual and affordable to high-end and luxurious.</li>
<li><strong>What kind of atmosphere are you looking for?</strong> (Casual, upscale, romantic, etc.)</li>
<li><strong>Do you have any dietary restrictions or preferences?</strong> (e.g., allergies, gluten-free, organic)</li>
</ol>
<p>It also looks like you've included some Welp! review data. While I can't directly access or use that data, I can certainly use the information you give me from it!  Let me know if there's anything specific from those reviews that influences your steakhouse choice.</p>
","thumbs-up","N/A","2025-02-27 15:35:42"
"21","gluten free food options in phillie","<p>For gluten-free options in Philly, I'd recommend checking out:</p>
<ul>
<li><strong>Talula's Garden:</strong> Known for its farm-to-table dishes with plenty of gluten-free choices.  It offers a refined ambiance and is great for a special occasion.</li>
<li><strong>Front Street Cafe:</strong>  A popular spot with a dedicated gluten-free menu featuring diverse options like pizza, pasta, and sandwiches.</li>
<li><strong>Sweetgreen:</strong> While it's a chain, Sweetgreen has customizable salads and bowls with clear gluten-free labeling, perfect for a quick and healthy meal.</li>
</ul>
<p>To give you even better recommendations, could you tell me what kind of cuisine you're interested in?  Also, what's your price range? Knowing this will help me narrow down the best gluten-free spots for you in Philly.  Lastly, do you have any other dietary restrictions besides gluten-free?</p>
","thumbs-up","N/A","2025-02-27 15:36:17"
"22","where to get pasta","<p>Given the limited information, I can offer a few general pasta options:</p>
<ol>
<li><strong>Olive Garden:</strong> A classic choice for familiar Italian-American pasta dishes. Expect a casual dining experience.</li>
<li><strong>The Cheesecake Factory:</strong> While known for cheesecake, they also have a surprisingly extensive pasta selection. Expect a bustling atmosphere.</li>
<li><strong>Local Italian Restaurants:</strong> Search for ""Italian restaurants near me"" to discover hidden gems and local favorites.</li>
</ol>
<p>To provide more tailored recommendations, could you tell me:</p>
<ol>
<li><strong>Your location:</strong> I need to know where you are to suggest nearby restaurants.</li>
<li><strong>Your preferred type of pasta dish:</strong> Do you like creamy sauces, tomato-based sauces, pesto, or something else entirely?</li>
<li><strong>Your budget:</strong> Are you looking for a fine dining experience, something casual, or something in between?</li>
<li><strong>Any dietary restrictions:</strong> Do you have any allergies, intolerances, or preferences like vegetarian or gluten-free?</li>
</ol>
","thumbs-up","N/A","2025-02-27 15:36:39"
"23","best reviewed restaurants","<p>Based on these excellent reviews, I recommend Angelo's, Publix, or The Concourse at Comcast Center.  Angelo's seems like a great option for those looking for gluten-free options at reasonable prices. Publix sounds like an upscale grocery store with friendly staff and a great selection. For a unique dining experience, The Concourse at Comcast Center offers a fancy food court with various options.</p>
<p>To provide more tailored recommendations, could you tell me what city you're interested in and what kind of food you're in the mood for?  Also, do you have any dietary restrictions or preferences, such as vegetarian, vegan, or gluten-free?  Knowing your price range and preferred ambiance (casual, upscale, romantic, etc.) would also be helpful.</p>
","thumbs-up","N/A","2025-02-27 15:37:02"
"24","casual restaurant recommendations","<p>Based on your request for casual restaurants, here are a few options:</p>
<ol>
<li>
<p><strong>De-No Seafood Restaurant &amp; Market:</strong> This spot seems like a great choice for casual seafood.  They have po boys and other seafood dishes.</p>
</li>
<li>
<p><strong>Sadiki's Restaurant &amp; Lounge:</strong> If you're in the mood for Southern food, Sadiki's might be a good fit. They have a casual atmosphere and good service.</p>
</li>
<li>
<p><strong>Afandi Sweets &amp; Cafe:</strong> This Middle Eastern/Mediterranean restaurant offers a casual dining experience with both indoor and outdoor seating. They have a great selection of baked goods and desserts.</p>
</li>
</ol>
<p>Now, to help me narrow down the best recommendations for <em>you</em>, could you tell me:</p>
<ul>
<li><strong>What kind of cuisine are you interested in?</strong> (e.g., Seafood, Italian, Mexican, etc.)</li>
<li><strong>What's your price range?</strong>  (e.g., $, $$, $$$)</li>
<li><strong>Are there any dietary restrictions or preferences I should be aware of?</strong> (e.g., Vegetarian, Vegan, Gluten-Free)</li>
<li><strong>What city/area are you looking to dine in?</strong> (Some of the suggestions are in different states.)</li>
</ul>
<p>Also, Soda Fountain Square is permanently closed, so we can take that off the list.  While Subway is casual, it might not be what most people have in mind for a casual <em>restaurant</em> experience.  Let me know your thoughts!</p>
","thumbs-up","N/A","2025-02-27 15:38:10"
"25","Japanese restaurants that allow kids","<p>Given the provided data, Lee's Famous Recipe appears to be a good option. It's categorized as Fast Food and American (New), is kid-friendly (""GoodForKids"": True), and has received a glowing 5-star review praising its cleanliness.</p>
<p>Another option, though not strictly Japanese, is The Bean Cafe.  It welcomes kids, offers outdoor seating, and serves coffee, tea, and other food items, making it potentially suitable for a family meal.</p>
<p>It's worth noting that the provided data doesn't contain any specifically Japanese restaurants.  To offer better recommendations, could you please clarify if you're open to other cuisines? Also, do you have any preferences regarding price range, ambiance, or specific dietary needs?</p>
","thumbs-down",,"2025-02-27 15:40:00"
"26","Pet friendly places","<p>Okay, finding pet-friendly places, let's see!  Sunflower Farmers Market in Tucson appears to have a parking lot, which sometimes indicates outdoor seating might be available where pets are welcome. French Press Coffeehouse in Kenner has outdoor seating and is generally a good bet for pet-friendliness.  It's also open late!</p>
<p>Now, a few questions to refine the recommendations:</p>
<ol>
<li><strong>What type of place are you looking for?</strong> (e.g., restaurant, bar, cafe, park, etc.)  Knowing this helps me narrow down the options.</li>
<li><strong>What kind of food are you interested in?</strong> (e.g., Italian, Mexican, American, etc.)  This will help me filter places by cuisine.</li>
<li><strong>What's your preferred price range?</strong>  (e.g., $, $$, $$$) This ensures I recommend places within your budget.</li>
<li><strong>What city and state are you interested in?</strong> Your past reviews mention a few different locations, so knowing your current location will be helpful. Welp, I see past reviews in Tucson, Creve Coeur, Kenner, Sparks, and Belleville.  Are you still in one of those areas?</li>
<li>Just to confirm, when you say ""pet-friendly,"" you mean specifically for dogs, or do you have another type of pet in mind?</li>
</ol>
<p>Once I have this information, I can provide you with more tailored and accurate recommendations.</p>
","thumbs-up","N/A","2025-02-27 15:41:00"
"27","Where is Zark's Burgers","<p>Unfortunately, I don't have any information about Zark's Burgers readily available within the current context. If you could provide more specifics like a city or region, I could help you out.</p>
<p>In the meantime, based on the data provided, if you happen to be near Indianapolis, Indiana, you could try Kroger or Marsh Supermarkets for groceries.  Kroger seems to be a bit more budget-friendly and offers delivery, while Marsh appears to be a larger, remodeled store. If you're looking for coffee in Tucson, Arizona, Adventure Coffee Roasting at Whole Foods on Speedway comes highly recommended.</p>
<p>If none of these suggestions fit, please let me know! I can provide recommendations for other types of food or locations if you tell me a bit more about what you're looking for. For example:</p>
<ul>
<li>What kind of cuisine are you interested in?</li>
<li>What's your price range?</li>
<li>Are you looking for a casual or formal dining experience?</li>
<li>Do you have any dietary restrictions?</li>
</ul>
<p>I want to make sure you find the perfect spot!</p>
","thumbs-down","No Zark's?","2025-02-27 15:41:36"
"28","Zark's Burgers menu","<p>Based on your request for ""Zark's Burgers menu"", I'm assuming you're looking for burger places.  Here are a few recommendations:</p>
<ul>
<li><strong>Animal Farm (Tucson, AZ):</strong>  Highly praised for their ""perfect"" burgers and other unique offerings like pork belly bahn mi and cheese curds.  Reviewers rave about the delicious and exotic flavors. This is a food truck, so be sure to check their location.</li>
<li><strong>Foodie Fleet (Tucson, AZ):</strong> Another food truck option, Foodie Fleet gets high marks for its burgers and amazing sauces. While the reviewer mentions burgers are usually low on their list, they make an exception for this place.</li>
<li><strong>500 Degrees (Philadelphia, PA):</strong> If you're in Philly, try their top-notch burgers and truffle fries.  Reviewers call them ""absolutely delicious"" and ""stellar"".</li>
</ul>
<p>A few disclaimers: It seems Zark's Burgers itself isn't in this dataset. The first two recommendations are food trucks, so their availability might vary. 500 Degrees is located in Philadelphia.</p>
<p>Could you clarify your location?  Knowing where you are will help me provide more relevant recommendations. Also, do you have any dietary restrictions or preferences regarding the type of burger or restaurant ambiance?</p>
","thumbs-down","Not helpful","2025-02-27 15:42:21"
"29","Burrito places","<ol>
<li><strong>La Casita Mexican Grill:</strong> Known for their delicious and authentic burritos, made with fresh ingredients.  They offer a variety of fillings and toppings to customize your burrito just the way you like it.</li>
<li><strong>Burrito Bros:</strong> A popular spot for their quick and tasty burritos, with a focus on classic flavors and generous portions.  Perfect for a satisfying and affordable meal.</li>
<li><strong>El Burrito Grande:</strong> If you're looking for a truly massive burrito, this is the place to go. They don't skimp on the fillings, and their flavorful sauces add an extra kick.</li>
</ol>
<p>To give you even better recommendations, could you tell me:</p>
<ol>
<li><strong>What kind of burritos are you in the mood for?</strong> (e.g., California style, breakfast burritos, etc.)</li>
<li><strong>What's your price range?</strong></li>
<li><strong>Are there any ingredients you'd like to avoid or specifically want in your burrito?</strong> (e.g., no beans, extra guacamole)</li>
<li><strong>What part of town are you in?</strong>  This will help me narrow down the options and suggest places that are convenient for you.</li>
</ol>
<p>It also looks like some of the data you've provided isn't related to burrito places.  If you have a different kind of food in mind, please let me know! Welp!</p>
","thumbs-up","N/A","2025-02-27 15:43:05"
"30","Taco places","<ol>
<li><strong>Taqueria El Rey:</strong> Authentic street tacos. They also have a great selection of tequilas.</li>
<li><strong>Velvet Taco:</strong>  A trendy spot with unique and gourmet taco creations, like the Spicy Tikka Chicken or the Annatto Shredded Pork.  They have a fun, lively atmosphere.</li>
<li><strong>Taco Joint:</strong>  A more casual but still delicious option.  Their queso is a must-try.</li>
</ol>
<p>To help me narrow down the perfect taco place for you, could you tell me:</p>
<ul>
<li>What kind of tacos are you in the mood for (e.g., street tacos, fish tacos, fusion tacos)?</li>
<li>What's your price range?</li>
<li>What kind of atmosphere are you looking for (casual, upscale, lively, etc.)?</li>
<li>Are there any dietary restrictions I should be aware of?</li>
</ul>
","thumbs-up","N/A","2025-02-27 15:43:29"
"31","Zark's burgers location","Generating...","thumbs-down","It doesn't know about zark's?","2025-02-27 15:58:51"
"32","food trucks","<p>Given your request for food trucks, here are a few recommendations:</p>
<ul>
<li><strong>The Original Italian Pie:</strong> This place seems like a good spot for casual dining with family or friends, especially during game days. They have a happy hour and offer Italian food. Just a heads-up, the bartender may not always be available early in the day.</li>
<li><strong>Sweet Lizard:</strong> If you're in the mood for frozen yogurt, this spot is a great choice. They have a good variety of flavors and toppings, and the service is excellent.</li>
</ul>
<p>Now, to give you even better recommendations, could you tell me:</p>
<ol>
<li><strong>Where are you located?</strong>  Knowing your location will help me find food trucks near you.</li>
<li><strong>What kind of food are you interested in?</strong> (e.g., tacos, pizza, burgers, etc.)</li>
<li><strong>Are there any dietary restrictions or preferences I should be aware of?</strong> (e.g., vegetarian, vegan, gluten-free)</li>
<li><strong>What's your price range?</strong>  (e.g., $, $$, $$$)</li>
</ol>
<p>Once I have this information, I can provide you with much more personalized and helpful recommendations.</p>
<p>Also, while those first two places I recommended aren't food trucks, they are casual spots if that helps! Welp!</p>
","thumbs-up","N/A","2025-02-27 15:59:54"
"33","tell me about Zark's Burgers menu and reviews","<p>I found one restaurant mentioning burgers, Animal Farm food truck in Tucson, AZ.  They are praised for having ""perfect"" burgers and even ""arguably the best burger in Tucson"".  They also serve pork belly bahn and cheese curds.  They are a former food truck, though the most current status of their physical location is unclear.</p>
<p>I apologize, but I don't have any information about Zark's Burgers' menu or reviews in my current database.  Could you clarify if there's a particular location of Zark's Burgers, such as city and state?</p>
","thumbs-down","How does it not know Zark's it's everywhere","2025-02-27 16:02:36"
"34","What's an eating spot you'd recommend?","<p>Based on your request, here are a few eating spots I can recommend:</p>
<ul>
<li><strong>FroYo Frozen Yogurt:</strong> This self-serve frozen yogurt spot in Indianapolis offers a wide variety of flavors and toppings, a clean and colorful atmosphere, and plentiful parking. It's open late, making it a great option for a date or a post-game treat.</li>
<li><strong>Campus Candy:</strong> Located in Tucson, this candy store offers a wide selection of sweets, including chocolates, frozen yogurt, and nostalgic candies. They also have music, LCDs, and free Wifi, creating a fun hangout spot.</li>
<li><strong>Xo Coffee &amp; Tea Bar:</strong> If you're in Goleta, this coffee and tea bar offers a laid-back atmosphere and a decent cappuccino.</li>
</ul>
<p>Now, to give you even better recommendations, could you tell me a bit more about what you're looking for?  For example:</p>
<ul>
<li>What kind of cuisine are you interested in?</li>
<li>What's your price range?</li>
<li>What kind of atmosphere are you looking for (casual, formal, romantic, etc.)?</li>
<li>Are there any dietary restrictions I should be aware of?</li>
<li>What city or region are you interested in dining in?</li>
</ul>
<p>The more information you provide, the better I can tailor my recommendations to your specific needs.</p>
<p>Also, please note that Straub's and Strange Brew, while mentioned in the provided data, are a grocery store and a beer festival respectively, not traditional restaurant or bar options.  And I'm not able to find any information about parking options at present, sorry about that!</p>
","thumbs-up","N/A","2025-02-27 16:09:19"
"35","Coffee places!","<p>Based on your request for ""Coffee places!"", I recommend Starbucks located at 72 Centerton Rd, Mt Laurel Twp, NJ. It has a 5-star rating and offers free WiFi, outdoor seating, and takeout. The reviewer raves about the friendly staff and ""coffee culture.""</p>
<p>Another coffee place to consider, though not strictly a coffee shop is, The Original Italian Pie in Gentilly, LA. While they offer Italian food, they also have a bar and happy hour.  It's a good spot for groups and has free WiFi.</p>
<p>As a final recommendation, though not a coffee place, there is Sweet Lizard in Tucson, AZ. It's a frozen yogurt shop with a 5-star rating. It may not be coffee, but could offer a similar pick-me-up and treat.</p>
<p>To further refine my recommendations, could you please tell me your preferred location? I can also provide options based on price range, ambiance, or specific coffee types you enjoy.  Do any of these criteria apply to your search?</p>
","thumbs-up","N/A","2025-02-27 16:10:01"
